Attack,Aggregator,10% TPR / FPR,20% TPR / FPR,30% TPR / FPR,40% TPR / FPR
Label flipping,Multi-Krum,0.66 / 0.26,0.74 / 0.19,0.68 / 0.14,0.64 / 0.08
Label flipping,FLAME,0.87 / 0.26,0.83 / 0.24,0.68 / 0.16,0.52 / 0.13
Label flipping,HDBSCAN (ours),0.60 / 0.15,0.66 / 0.09,0.65 / 0.08,0.59 / 0.03
Targeted flipping,Multi-Krum,0.66 / 0.26,0.72 / 0.20,0.64 / 0.16,0.59 / 0.11
Targeted flipping,FLAME,0.86 / 0.26,0.85 / 0.20,0.71 / 0.16,0.53 / 0.16
Targeted flipping,HDBSCAN (ours),0.58 / 0.15,0.67 / 0.09,0.69 / 0.06,0.54 / 0.02
Magnitude poisoning,Multi-Krum,0.98 / 0.23,0.93 / 0.15,0.81 / 0.09,0.73 / 0.02
Magnitude poisoning,FLAME,0.33 / 0.32,0.28 / 0.32,0.32 / 0.35,0.34 / 0.32
Magnitude poisoning,HDBSCAN (ours),0.90 / 0.10,0.88 / 0.05,0.82 / 0.05,0.71 / 0.01
ALIE,Multi-Krum,0.00 / 0.33,0.00 / 0.37,0.01 / 0.42,0.02 / 0.49
ALIE,FLAME,0.00 / 0.42,0.00 / 0.45,0.00 / 0.49,0.00 / 0.49
ALIE,HDBSCAN (ours),0.02 / 0.21,0.00 / 0.34,0.00 / 0.44,0.04 / 0.53
