Attack,Aggregator,20% TPR / FPR,30% TPR / FPR,40% TPR / FPR
Label flipping,FoolsGold,0.08 / 0.76,0.16 / 0.73,0.20 / 0.71
Label flipping,DeepSight (simplified),0.02 / 0.05,0.00 / 0.05,0.04 / 0.06
Label flipping,FreqFed,0.85 / 0.20,0.72 / 0.15,0.57 / 0.16
Targeted flipping,FoolsGold,0.33 / 0.45,0.46 / 0.29,0.63 / 0.30
Targeted flipping,DeepSight (simplified),0.01 / 0.07,0.01 / 0.07,0.03 / 0.13
Targeted flipping,FreqFed,0.83 / 0.22,0.68 / 0.17,0.52 / 0.18
Magnitude poisoning,FoolsGold,0.04 / 0.04,0.09 / 0.06,0.08 / 0.05
Magnitude poisoning,DeepSight (simplified),0.08 / 0.09,0.09 / 0.12,0.11 / 0.13
Magnitude poisoning,FreqFed,0.25 / 0.34,0.32 / 0.31,0.32 / 0.35
ALIE,FoolsGold,0.81 / 0.21,0.97 / 0.24,1.00 / 0.26
ALIE,DeepSight (simplified),0.03 / 0.08,0.04 / 0.10,0.02 / 0.12
ALIE,FreqFed,0.44 / 0.31,0.13 / 0.40,0.13 / 0.39
